StateAbbr,PlaceName,Population2010,MHLTH_AdjPrev,MHLTH_Adj95CI,Geolocation
AL,Birmingham,212237,15.6,"(15.4, 15.8)","[33.5275663773, -86.7988174678]"
AL,Hoover,81619,10.4,"(10.1, 10.7)","[33.3767602729, -86.8051937568]"
AL,Huntsville,180105,13.4,"(13.2, 13.7)","[34.6989692671, -86.6387042882]"
AL,Mobile,195111,15.0,"(14.9, 15.2)","[30.6776248648, -88.1184482714]"
AL,Montgomery,205764,14.8,"(14.6, 15.1)","[32.3472645333, -86.2677059552]"
AL,Tuscaloosa,90468,15.5,"(15.2, 15.8)","[33.2336083951, -87.5268004073]"
AK,Anchorage,291826,10.6,"(10.4, 10.7)","[61.149868731, -149.111113424]"
AZ,Avondale,76238,12.7,"(12.4, 12.9)","[33.3858367405, -112.323626619]"
AZ,Chandler,236123,10.2,"(10.0, 10.3)","[33.28318981, -111.852210033]"
AZ,Gilbert,208453,9.7,"( 9.6,  9.9)","[33.310149392, -111.746237467]"
AZ,Glendale,226721,13.0,"(12.8, 13.1)","[33.5796123089, -112.225306421]"
AZ,Mesa,439041,12.3,"(12.2, 12.4)","[33.4022837359, -111.718721181]"
AZ,Peoria,154065,11.0,"(10.9, 11.2)","[33.7847206422, -112.298680584]"
AZ,Phoenix,1445632,13.0,"(12.9, 13.0)","[33.5724138695, -112.088995222]"
AZ,Scottsdale,217385,9.4,"( 9.3,  9.6)","[33.6872493651, -111.865085877]"
AZ,Surprise,117517,11.2,"(10.9, 11.4)","[33.6803835177, -112.452218439]"
AZ,Tempe,161719,11.2,"(11.0, 11.4)","[33.3882640307, -111.931802302]"
AZ,Tucson,520116,13.4,"(13.3, 13.6)","[32.1567244483, -110.877085494]"
AZ,Yuma,93064,13.5,"(13.2, 13.7)","[32.5986027117, -114.54836837]"
AR,Fayetteville,73580,12.5,"(12.1, 12.9)","[36.0712117312, -94.1659600436]"
AR,Fort Smith,86209,15.4,"(15.1, 15.7)","[35.3491692636, -94.3696317306]"
AR,Jonesboro,67263,13.8,"(13.4, 14.2)","[35.8208121538, -90.6794991686]"
AR,Little Rock,193524,12.8,"(12.6, 13.0)","[34.7253957894, -92.3583751863]"
AR,Springdale,69797,14.9,"(14.5, 15.3)","[36.1869932598, -94.1536274531]"
CA,Alameda,73812,9.5,"( 9.3,  9.8)","[37.7650849031, -122.266489842]"
CA,Alhambra,83089,10.1,"( 9.9, 10.3)","[34.0839734383, -118.135514119]"
CA,Anaheim,336265,12.4,"(12.3, 12.6)","[33.8389076996, -117.857613481]"
CA,Antioch,102372,12.8,"(12.6, 13.0)","[37.9777042922, -121.796606971]"
CA,Apple Valley,69135,13.9,"(13.6, 14.2)","[34.5315984948, -117.211012664]"
CA,Bakersfield,347483,13.4,"(13.3, 13.6)","[35.3513302855, -119.029786003]"
CA,Baldwin Park,75390,13.3,"(12.9, 13.6)","[34.082871519, -117.972100918]"
CA,Bellflower,76616,13.2,"(12.9, 13.4)","[33.8880417923, -118.127100236]"
CA,Berkeley,112580,9.8,"( 9.6, 10.0)","[37.8725678765, -122.274907975]"
CA,Buena Park,80530,11.2,"(10.9, 11.4)","[33.8572126844, -118.004517591]"
CA,Burbank,103340,11.0,"(10.8, 11.2)","[34.1879799605, -118.323429032]"
CA,Carlsbad,105328,9.5,"( 9.2,  9.8)","[33.1248051026, -117.282903303]"
CA,Carson,91714,11.1,"(10.9, 11.4)","[33.8374083001, -118.255936422]"
CA,Chico,86187,13.0,"(12.7, 13.3)","[39.7568503668, -121.815983972]"
CA,Chino,77983,11.5,"(11.3, 11.8)","[33.983588126, -117.665296584]"
CA,Chino Hills,74799,8.9,"( 8.7,  9.2)","[33.950774546, -117.725326968]"
CA,Chula Vista,243916,11.3,"(11.1, 11.4)","[32.6282964262, -117.010042407]"
CA,Citrus Heights,83301,13.4,"(13.1, 13.7)","[38.6947788342, -121.287991502]"
CA,Clovis,95631,11.9,"(11.7, 12.1)","[36.8289400179, -119.68665285]"
CA,Compton,96455,15.9,"(15.6, 16.2)","[33.892965693, -118.227506568]"
CA,Concord,122067,11.8,"(11.6, 12.1)","[37.9721810307, -122.001588036]"
CA,Corona,152374,11.7,"(11.5, 11.9)","[33.8623571787, -117.564224471]"
CA,Costa Mesa,109960,11.8,"(11.6, 12.1)","[33.6667651353, -117.91350475]"
CA,Daly City,101123,9.1,"( 8.9,  9.3)","[37.6861552276, -122.468298024]"
CA,Downey,111772,12.1,"(11.8, 12.3)","[33.937867256, -118.131150116]"
CA,El Cajon,99478,14.4,"(14.1, 14.6)","[32.8016581921, -116.960483614]"
CA,Elk Grove,153015,10.7,"(10.5, 10.8)","[38.4159992006, -121.384137762]"
CA,El Monte,113475,14.2,"(13.9, 14.4)","[34.073919653, -118.029071951]"
CA,Escondido,143911,13.5,"(13.3, 13.7)","[33.1346952955, -117.072122618]"
CA,Fairfield,105321,12.1,"(12.0, 12.3)","[38.2558446343, -122.039303253]"
CA,Folsom,72203,9.6,"( 9.3,  9.9)","[38.6750494328, -121.147605753]"
CA,Fontana,196069,13.1,"(12.9, 13.3)","[34.0974227833, -117.459241285]"
CA,Fremont,214089,8.2,"( 8.1,  8.4)","[37.5278685405, -121.984121512]"
CA,Fresno,494665,14.5,"(14.4, 14.6)","[36.7826786711, -119.794126569]"
CA,Fullerton,135161,11.1,"(10.9, 11.4)","[33.8840378013, -117.927850895]"
CA,Garden Grove,170883,12.0,"(11.8, 12.2)","[33.7786940635, -117.960111162]"
CA,Glendale,191719,12.1,"(11.8, 12.3)","[34.181889373, -118.24676666]"
CA,Hawthorne,84293,13.6,"(13.3, 13.9)","[33.914667701, -118.347667728]"
CA,Hayward,144186,11.6,"(11.4, 11.7)","[37.6329591551, -122.077051051]"
CA,Hemet,78657,15.5,"(15.3, 15.8)","[33.7352277311, -116.994605005]"
CA,Hesperia,90173,14.8,"(14.5, 15.1)","[34.3973476773, -117.314392219]"
CA,Huntington Beach,189992,10.6,"(10.4, 10.8)","[33.6952749077, -118.001810806]"
CA,Indio,76036,14.0,"(13.6, 14.4)","[33.7298067837, -116.237258141]"
CA,Inglewood,109673,14.4,"(14.1, 14.7)","[33.9565748018, -118.344444926]"
CA,Irvine,212375,8.6,"( 8.4,  8.8)","[33.6780108904, -117.773633283]"
CA,Lake Forest,77264,10.0,"( 9.7, 10.2)","[33.6634128948, -117.670683341]"
CA,Lakewood,80048,11.0,"(10.8, 11.2)","[33.8470531941, -118.122204765]"
CA,Lancaster,156633,14.3,"(14.1, 14.5)","[34.6934347017, -118.175306356]"
CA,Livermore,80968,10.4,"(10.1, 10.7)","[37.6865101361, -121.764357841]"
CA,Long Beach,462257,12.8,"(12.7, 12.9)","[33.8060144825, -118.160894146]"
CA,Los Angeles,3792621,13.0,"(12.9, 13.0)","[34.1182277898, -118.408500088]"
CA,Lynwood,69772,16.1,"(15.6, 16.5)","[33.9239616867, -118.201648375]"
CA,Manteca,67096,13.1,"(12.8, 13.3)","[37.7961925102, -121.231230612]"
CA,Menifee,77519,12.6,"(12.4, 12.8)","[33.6909533045, -117.18487699]"
CA,Merced,78958,15.1,"(14.8, 15.4)","[37.3055863217, -120.477710571]"
CA,Milpitas,66790,8.3,"( 8.1,  8.6)","[37.433869763, -121.892083025]"
CA,Mission Viejo,93305,9.9,"( 9.7, 10.1)","[33.6095976891, -117.655029608]"
CA,Modesto,201165,14.0,"(13.8, 14.2)","[37.6615478221, -120.988548061]"
CA,Moreno Valley,193365,14.0,"(13.8, 14.1)","[33.9244314112, -117.204501895]"
CA,Mountain View,74066,8.3,"( 8.1,  8.5)","[37.3999252379, -122.079544343]"
CA,Murrieta,103466,11.4,"(11.1, 11.7)","[33.5719743356, -117.190921143]"
CA,Napa,76915,12.2,"(11.9, 12.5)","[38.2980424649, -122.301093331]"
CA,Newport Beach,85186,8.9,"( 8.7,  9.2)","[33.6150103607, -117.867364631]"
CA,Norwalk,105549,12.4,"(12.1, 12.6)","[33.9068808228, -118.082915204]"
CA,Oakland,390724,12.2,"(12.1, 12.3)","[37.790878035, -122.214859257]"
CA,Oceanside,167086,12.0,"(11.8, 12.2)","[33.2247457474, -117.308200285]"
CA,Ontario,163924,13.4,"(13.2, 13.6)","[34.0392649464, -117.606427103]"
CA,Orange,136416,11.5,"(11.3, 11.7)","[33.8046419567, -117.8231855]"
CA,Oxnard,197899,13.6,"(13.3, 13.8)","[34.1959237731, -119.18187657]"
CA,Palmdale,152750,14.5,"(14.3, 14.7)","[34.5944899803, -118.105772328]"
CA,Pasadena,137122,10.5,"(10.4, 10.7)","[34.1597634806, -118.138921644]"
CA,Perris,68386,15.1,"(14.6, 15.5)","[33.7897346094, -117.223291831]"
CA,Pleasanton,70285,8.6,"( 8.3,  8.8)","[37.6656092171, -121.880775002]"
CA,Pomona,149058,13.8,"(13.6, 14.1)","[34.0585026366, -117.762551658]"
CA,Rancho Cucamonga,165269,10.7,"(10.5, 10.8)","[34.1245895555, -117.56617587]"
CA,Redding,89861,13.6,"(13.4, 14.0)","[40.5697591271, -122.365026322]"
CA,Redlands,68747,11.3,"(11.0, 11.6)","[34.0511315317, -117.170935294]"
CA,Redondo Beach,66748,9.0,"( 8.7,  9.2)","[33.8575280159, -118.376567893]"
CA,Redwood City,76815,10.6,"(10.4, 10.9)","[37.5009145276, -122.224767617]"
CA,Rialto,99171,14.2,"(13.9, 14.4)","[34.1128158089, -117.388535978]"
CA,Richmond,103701,13.1,"(12.9, 13.4)","[37.9479710365, -122.336803759]"
CA,Riverside,303871,13.2,"(13.1, 13.4)","[33.9381251685, -117.394845824]"
CA,Roseville,118788,10.9,"(10.7, 11.2)","[38.7657516182, -121.302847708]"
CA,Sacramento,466488,13.0,"(12.9, 13.1)","[38.5666321567, -121.468299801]"
CA,Salinas,150441,14.7,"(14.4, 14.9)","[36.6889174321, -121.631811961]"
CA,San Bernardino,209924,16.0,"(15.8, 16.2)","[34.1392322844, -117.295272732]"
CA,San Buenaventura (Ventura),106433,11.5,"(11.3, 11.8)","[34.2743610206, -119.231436551]"
CA,San Diego,1307402,10.7,"(10.7, 10.8)","[32.8355639418, -117.119792061]"
CA,San Francisco,805235,9.8,"( 9.7,  9.8)","[37.7559136611, -122.440987876]"
CA,San Jose,945942,10.2,"(10.1, 10.2)","[37.3003963176, -121.847228423]"
CA,San Leandro,84950,11.0,"(10.8, 11.2)","[37.7074299262, -122.159061655]"
CA,San Marcos,83781,11.9,"(11.6, 12.3)","[33.134965986, -117.174363098]"
CA,San Mateo,97207,9.8,"( 9.6, 10.0)","[37.5518226893, -122.312390346]"
CA,San Ramon,72148,7.9,"( 7.6,  8.1)","[37.7623705462, -121.938150371]"
CA,Santa Ana,324528,14.6,"(14.4, 14.7)","[33.7366948419, -117.881890237]"
CA,Santa Barbara,88410,11.1,"(10.8, 11.3)","[34.4285733874, -119.720187334]"
CA,Santa Clara,116468,8.7,"( 8.5,  8.9)","[37.3646197504, -121.967932117]"
CA,Santa Clarita,176320,11.1,"(10.9, 11.3)","[34.4119039185, -118.503504698]"
CA,Santa Maria,99553,15.0,"(14.7, 15.4)","[34.9333735757, -120.443326954]"
CA,Santa Monica,89736,9.4,"( 9.1,  9.7)","[34.0231891612, -118.481563937]"
CA,Santa Rosa,167815,12.2,"(12.0, 12.4)","[38.4464423102, -122.706005935]"
CA,Simi Valley,124237,10.8,"(10.6, 11.0)","[34.2662462857, -118.748980462]"
CA,South Gate,94396,15.0,"(14.6, 15.4)","[33.9447322664, -118.192550525]"
CA,Stockton,291707,13.8,"(13.7, 14.0)","[37.9766322679, -121.311121669]"
CA,Sunnyvale,140081,8.1,"( 7.9,  8.3)","[37.3834416566, -122.025624324]"
CA,Temecula,100097,11.0,"(10.8, 11.3)","[33.5029980884, -117.12239028]"
CA,Thousand Oaks,126683,9.9,"( 9.7, 10.2)","[34.1917745655, -118.874888411]"
CA,Torrance,145438,9.1,"( 8.9,  9.3)","[33.8345985464, -118.341641983]"
CA,Tracy,82922,11.7,"(11.4, 11.9)","[37.7243277375, -121.444621463]"
CA,Turlock,68549,13.3,"(13.0, 13.6)","[37.5052158271, -120.858762412]"
CA,Tustin,75540,11.0,"(10.7, 11.3)","[33.7308520326, -117.810730968]"
CA,Union City,69516,9.3,"( 9.1,  9.5)","[37.6028390812, -122.018966106]"
CA,Upland,73732,11.7,"(11.5, 12.0)","[34.1178445701, -117.660290062]"
CA,Vacaville,92428,11.7,"(11.5, 12.0)","[38.3597235063, -121.96903046]"
CA,Vallejo,115942,12.0,"(11.9, 12.2)","[38.1135329247, -122.235518478]"
CA,Victorville,115903,14.6,"(14.3, 14.9)","[34.5277691103, -117.353855136]"
CA,Visalia,124442,13.2,"(12.9, 13.5)","[36.3270623157, -119.325273214]"
CA,Vista,93834,13.2,"(13.0, 13.5)","[33.1895481978, -117.238607217]"
CA,West Covina,106098,10.6,"(10.4, 10.8)","[34.0554415174, -117.91128206]"
CA,Westminster,89701,11.7,"(11.5, 12.0)","[33.7521523769, -117.993760054]"
CA,Whittier,85331,11.5,"(11.3, 11.8)","[33.9678255596, -118.018796341]"
CO,Arvada,106433,10.1,"( 9.9, 10.4)","[39.8308263293, -105.146327974]"
CO,Aurora,325078,11.6,"(11.4, 11.7)","[39.7091594781, -104.726526621]"
CO,Boulder,97385,9.3,"( 9.0,  9.6)","[40.0275510494, -105.25151776]"
CO,Centennial,100377,8.7,"( 8.5,  8.9)","[39.592872073, -104.867986891]"
CO,Colorado Springs,416427,10.8,"(10.7, 10.9)","[38.8672748077, -104.760664479]"
CO,Denver,600158,10.7,"(10.6, 10.8)","[39.7620283743, -104.876365322]"
CO,Fort Collins,143986,10.4,"(10.1, 10.6)","[40.5487758924, -105.065904872]"
CO,Greeley,92889,12.2,"(11.9, 12.4)","[40.4141369521, -104.771170982]"
CO,Lakewood,142980,10.5,"(10.3, 10.7)","[39.6976734462, -105.116965444]"
CO,Longmont,86270,10.5,"(10.2, 10.8)","[40.1695164708, -105.10195106]"
CO,Loveland,66859,10.6,"(10.3, 11.0)","[40.4165693758, -105.061758435]"
CO,Pueblo,106595,12.8,"(12.6, 13.0)","[38.2733957251, -104.612001218]"
CO,Thornton,118772,10.8,"(10.6, 11.0)","[39.9193994188, -104.944956758]"
CO,Westminster,106114,10.0,"( 9.8, 10.2)","[39.8838511475, -105.062645316]"
CT,Bridgeport,144229,14.9,"(14.7, 15.1)","[41.1928054233, -73.196054694]"
CT,Danbury,80893,12.7,"(12.3, 13.0)","[41.4015898606, -73.470938682]"
CT,Hartford,124775,16.5,"(16.2, 16.7)","[41.7660706419, -72.6834012389]"
CT,New Britain,73206,14.9,"(14.6, 15.2)","[41.675922654, -72.7861630705]"
CT,New Haven,129779,14.5,"(14.3, 14.8)","[41.3113869392, -72.9247595793]"
CT,Norwalk,85603,11.2,"(10.9, 11.5)","[41.1175631682, -73.4224513123]"
CT,Stamford,122643,10.9,"(10.6, 11.1)","[41.1049145013, -73.5589363142]"
CT,Waterbury,110366,16.0,"(15.8, 16.2)","[41.5582443266, -73.036129832]"
DE,Wilmington,70851,14.2,"(13.9, 14.5)","[39.7412748227, -75.5418960925]"
DC,Washington,601723,11.2,"(11.0, 11.3)","[38.9099241426, -77.0147205666]"
FL,Boca Raton,84392,11.2,"(10.9, 11.4)","[26.3749012715, -80.1078208861]"
FL,Boynton Beach,68217,13.8,"(13.5, 14.1)","[26.5279818052, -80.0814660417]"
FL,Cape Coral,154305,13.4,"(13.1, 13.6)","[26.6448544993, -81.9931108298]"
FL,Clearwater,107685,14.0,"(13.7, 14.2)","[27.9805997919, -82.7544099135]"
FL,Coral Springs,121096,12.2,"(12.0, 12.4)","[26.2701700158, -80.2592221493]"
FL,Davie,91992,12.2,"(11.9, 12.5)","[26.0789340778, -80.2869750311]"
FL,Deerfield Beach,75018,14.8,"(14.5, 15.2)","[26.3049966413, -80.1277706584]"
FL,Deltona,85182,14.6,"(14.3, 14.9)","[28.905060048, -81.2134269839]"
FL,Fort Lauderdale,165521,13.7,"(13.5, 14.0)","[26.1418205174, -80.1471225502]"
FL,Gainesville,124354,14.0,"(13.7, 14.3)","[29.6817027431, -82.345278266]"
FL,Hialeah,224669,15.3,"(15.1, 15.6)","[25.869626948, -80.3045294666]"
FL,Hollywood,140768,13.7,"(13.5, 13.9)","[26.0287025703, -80.1683976059]"
FL,Jacksonville,821784,14.2,"(14.1, 14.3)","[30.3319820139, -81.6752266207]"
FL,Lakeland,97422,15.1,"(14.8, 15.3)","[28.0558482664, -81.9539536462]"
FL,Largo,77648,14.6,"(14.3, 14.8)","[27.9090907734, -82.7714203383]"
FL,Lauderhill,66887,16.0,"(15.5, 16.5)","[26.1605584187, -80.2241278263]"
FL,Melbourne,76068,13.8,"(13.5, 14.2)","[28.1158805782, -80.6508814613]"
FL,Miami,399457,15.0,"(14.8, 15.1)","[25.782295897, -80.2215647762]"
FL,Miami Beach,87779,11.9,"(11.6, 12.2)","[25.8167101614, -80.1341952652]"
FL,Miami Gardens,107167,15.8,"(15.5, 16.2)","[25.9432633871, -80.2425332162]"
FL,Miramar,122041,11.9,"(11.6, 12.1)","[25.9773288233, -80.3357316003]"
FL,Orlando,238300,13.6,"(13.4, 13.8)","[28.4800646771, -81.3452411179]"
FL,Palm Bay,103190,14.8,"(14.4, 15.1)","[27.9838255249, -80.6666722846]"
FL,Palm Coast,75180,13.9,"(13.6, 14.3)","[29.5405590976, -81.2508206143]"
FL,Pembroke Pines,154750,11.5,"(11.3, 11.7)","[26.0127387534, -80.3384522664]"
FL,Plantation,84955,11.6,"(11.3, 11.9)","[26.1259853923, -80.2616762465]"
FL,Pompano Beach,99845,15.4,"(15.1, 15.7)","[26.2428335699, -80.131245161]"
FL,Port St. Lucie,164603,14.1,"(13.7, 14.4)","[27.2808680308, -80.3832154574]"
FL,St. Petersburg,244769,13.7,"(13.5, 13.8)","[27.792894971, -82.6650743239]"
FL,Sunrise,84439,13.3,"(13.0, 13.6)","[26.1546878303, -80.299841102]"
FL,Tallahassee,181376,13.4,"(13.2, 13.6)","[30.4548951211, -84.2526459938]"
FL,Tampa,335709,13.9,"(13.7, 14.0)","[27.996198041, -82.4450349799]"
FL,West Palm Beach,99919,13.7,"(13.4, 13.9)","[26.7478714655, -80.1337397544]"
GA,Albany,77434,15.6,"(15.2, 16.0)","[31.5776036766, -84.1763240815]"
GA,Athens,115452,13.6,"(13.3, 13.8)","[33.9508170683, -83.3689417445]"
GA,Atlanta,420003,11.7,"(11.6, 11.8)","[33.7626524683, -84.4231419055]"
GA,Augusta,195844,14.0,"(13.8, 14.2)","[33.3644561527, -82.0708396775]"
GA,Columbus,189885,13.4,"(13.2, 13.6)","[32.5099614852, -84.8770410586]"
GA,Johns Creek,76728,8.0,"( 7.8,  8.3)","[34.0332991998, -84.2027195506]"
GA,Macon,91351,16.1,"(15.8, 16.4)","[32.8320417692, -83.6495823768]"
GA,Roswell,88346,9.6,"( 9.2,  9.9)","[34.0391384583, -84.3512225277]"
GA,Sandy Springs,93853,9.5,"( 9.2,  9.7)","[33.9366669867, -84.3703197084]"
GA,Savannah,136286,13.6,"(13.4, 13.8)","[32.0283615157, -81.1783435493]"
GA,Warner Robins,66588,13.4,"(13.1, 13.7)","[32.5985113609, -83.6530271267]"
HI,Honolulu,953207,9.2,"( 9.1,  9.2)","[21.4588039305, -157.973296737]"
ID,Boise City,205671,10.7,"(10.4, 10.9)","[43.5984343897, -116.230885189]"
ID,Meridian,75092,10.4,"( 9.9, 10.9)","[43.6185195383, -116.39758487]"
ID,Nampa,81557,13.1,"(12.7, 13.5)","[43.5829315681, -116.564145085]"
IL,Arlington Heights,75101,8.9,"( 8.7,  9.2)","[42.095623342, -87.9825627457]"
IL,Aurora,197899,12.0,"(11.8, 12.2)","[41.7637750837, -88.2900949057]"
IL,Bloomington,76610,10.5,"(10.2, 10.8)","[40.4756778366, -88.9700813515]"
IL,Bolingbrook,73366,10.4,"(10.1, 10.6)","[41.6911653908, -88.1011218035]"
IL,Champaign,81055,10.9,"(10.6, 11.2)","[40.1151051361, -88.2729845986]"
IL,Chicago,2695598,12.0,"(12.0, 12.1)","[41.8372950615, -87.6862308732]"
IL,Cicero,83891,13.8,"(13.4, 14.1)","[41.844539143, -87.7592873023]"
IL,Decatur,76122,13.7,"(13.4, 14.0)","[39.8555822645, -88.9336983421]"
IL,Elgin,108188,11.8,"(11.5, 12.0)","[42.0385402472, -88.3224947104]"
IL,Evanston,74486,9.0,"( 8.8,  9.3)","[42.0463099649, -87.6940348773]"
IL,Joliet,147433,12.2,"(12.0, 12.4)","[41.5206390037, -88.1507097756]"
IL,Naperville,141853,8.2,"( 8.0,  8.4)","[41.7482001145, -88.1657705099]"
IL,Palatine,68557,9.6,"( 9.3,  9.9)","[42.1180663695, -88.042989882]"
IL,Peoria,115007,12.4,"(12.2, 12.6)","[40.7515684146, -89.615255458]"
IL,Rockford,152871,13.8,"(13.7, 14.0)","[42.2633180015, -89.0625958362]"
IL,Schaumburg,74227,9.0,"( 8.7,  9.2)","[42.0305488755, -88.0838663543]"
IL,Springfield,116250,12.0,"(11.8, 12.3)","[39.7716473322, -89.6540780049]"
IL,Waukegan,89078,13.5,"(13.2, 13.7)","[42.3702955582, -87.8712595095]"
IN,Bloomington,80405,12.8,"(12.5, 13.2)","[39.1637458221, -86.5257124351]"
IN,Carmel,79191,8.6,"( 8.2,  8.9)","[39.9658404613, -86.1461278461]"
IN,Evansville,117429,14.7,"(14.5, 15.0)","[37.9867158026, -87.538270731]"
IN,Fishers,76794,8.9,"( 8.5,  9.4)","[39.9587635263, -85.969310702]"
IN,Fort Wayne,253691,13.5,"(13.4, 13.7)","[41.0884920417, -85.1435898792]"
IN,Gary,80294,16.6,"(16.2, 16.9)","[41.5904779239, -87.3472907397]"
IN,Hammond,80830,15.0,"(14.7, 15.3)","[41.6171442828, -87.4909551115]"
IN,Indianapolis,820445,14.0,"(13.9, 14.1)","[39.7771221075, -86.145782152]"
IN,Lafayette,67140,13.9,"(13.6, 14.3)","[40.3994285285, -86.8617007404]"
IN,Muncie,70085,16.0,"(15.6, 16.3)","[40.1987098324, -85.3942940148]"
IN,South Bend,101168,14.9,"(14.7, 15.1)","[41.6769914549, -86.2690372417]"
IA,Cedar Rapids,126326,10.7,"(10.4, 10.9)","[41.966729258, -91.6781679349]"
IA,Davenport,99685,11.2,"(11.0, 11.5)","[41.5557926876, -90.6051730163]"
IA,Des Moines,203433,12.0,"(11.8, 12.1)","[41.5741349525, -93.6165066086]"
IA,Iowa City,67862,10.0,"( 9.6, 10.3)","[41.6558950332, -91.5308854927]"
IA,Sioux City,82684,12.3,"(12.1, 12.6)","[42.4963149039, -96.3913834837]"
IA,Waterloo,68406,12.2,"(12.0, 12.5)","[42.4919736932, -92.3521759342]"
KS,Kansas City,145786,13.0,"(12.9, 13.2)","[39.1234621409, -94.7441921112]"
KS,Lawrence,87643,9.8,"( 9.5, 10.1)","[38.9599302924, -95.2628259088]"
KS,Olathe,125872,8.9,"( 8.6,  9.1)","[38.884693021, -94.8192070197]"
KS,Overland Park,173372,7.8,"( 7.7,  8.0)","[38.8872922575, -94.6872267067]"
KS,Topeka,127473,11.7,"(11.5, 11.8)","[39.0359549911, -95.6954155341]"
KS,Wichita,382368,10.9,"(10.8, 11.0)","[37.690561478, -97.3429366807]"
KY,Lexington,295803,12.4,"(12.3, 12.6)","[38.0423254022, -84.4587259608]"
KY,Louisville,597337,13.6,"(13.5, 13.7)","[38.1777689918, -85.6664099974]"
LA,Baton Rouge,229493,14.7,"(14.5, 14.9)","[30.4510891679, -91.1263551997]"
LA,Kenner,66702,13.9,"(13.6, 14.2)","[30.0106937201, -90.2550320135]"
LA,Lafayette,120623,14.3,"(14.0, 14.6)","[30.2120582815, -92.0317532321]"
LA,Lake Charles,71993,15.4,"(15.1, 15.7)","[30.2030679966, -93.2148796496]"
LA,New Orleans,343829,14.3,"(14.1, 14.4)","[30.0687009935, -89.9316317895]"
LA,Shreveport,199311,15.3,"(15.1, 15.6)","[32.4671618864, -93.7962236108]"
ME,Portland,66194,11.7,"(11.4, 12.1)","[43.6779836271, -70.2752544531]"
MD,Baltimore,620961,13.6,"(13.4, 13.7)","[39.3084523991, -76.6160492311]"
MA,Boston,617594,13.4,"(13.2, 13.5)","[42.3155796777, -71.0916505804]"
MA,Brockton,93810,16.6,"(16.4, 16.9)","[42.082071372, -71.0241656338]"
MA,Cambridge,105162,10.1,"( 9.9, 10.4)","[42.3758188051, -71.1183992378]"
MA,Fall River,88857,18.2,"(17.8, 18.5)","[41.7139907598, -71.0996396919]"
MA,Lawrence,76377,16.9,"(16.6, 17.4)","[42.7002772201, -71.1626790341]"
MA,Lowell,106519,14.5,"(14.2, 14.7)","[42.6388727331, -71.321714396]"
MA,Lynn,90329,15.3,"(15.1, 15.6)","[42.4783322881, -70.9662372538]"
MA,New Bedford,95072,18.3,"(18.0, 18.6)","[41.6712667258, -70.9441204537]"
MA,Newton,85146,9.2,"( 8.9,  9.5)","[42.3316567616, -71.2084466944]"
MA,Quincy,92271,11.7,"(11.4, 12.0)","[42.2492981918, -71.0218764062]"
MA,Somerville,75754,11.6,"(11.2, 11.9)","[42.3905738858, -71.1017450879]"
MA,Springfield,153060,17.5,"(17.3, 17.7)","[42.1154977999, -72.5395254143]"
MA,Worcester,181045,14.7,"(14.5, 14.9)","[42.2705425446, -71.8079404584]"
MI,Ann Arbor,113934,9.6,"( 9.4,  9.9)","[42.2756833567, -83.7311374448]"
MI,Dearborn,98153,15.1,"(14.7, 15.5)","[42.3126884626, -83.2129368006]"
MI,Detroit,713777,17.1,"(17.0, 17.3)","[42.3847015631, -83.1053178776]"
MI,Farmington Hills,79740,9.6,"( 9.4,  9.9)","[42.4859956992, -83.3771159714]"
MI,Flint,102434,17.4,"(17.2, 17.6)","[43.0236339386, -83.6920640313]"
MI,Grand Rapids,188040,13.4,"(13.1, 13.6)","[42.9614815414, -85.6556858473]"
MI,Kalamazoo,74262,14.3,"(14.0, 14.6)","[42.2748756474, -85.588188576]"
MI,Lansing,114297,13.9,"(13.7, 14.1)","[42.7090711751, -84.5584470022]"
MI,Livonia,96942,10.9,"(10.7, 11.2)","[42.3971592737, -83.3733073683]"
MI,Rochester Hills,70995,9.4,"( 9.1,  9.7)","[42.6645256768, -83.1563037157]"
MI,Southfield,71739,11.6,"(11.3, 11.8)","[42.4765016267, -83.2605284738]"
MI,Sterling Heights,129699,12.3,"(12.0, 12.6)","[42.580985283, -83.0303680858]"
MI,Troy,80980,9.0,"( 8.8,  9.3)","[42.5817340358, -83.1457545154]"
MI,Warren,134056,14.1,"(13.9, 14.3)","[42.4934233034, -83.0270075248]"
MI,Westland,84094,13.6,"(13.3, 13.9)","[42.3192220455, -83.3805461719]"
MI,Wyoming,72125,13.1,"(12.8, 13.5)","[42.8909745661, -85.7067229249]"
MN,Bloomington,82893,8.9,"( 8.6,  9.1)","[44.8305852429, -93.3150995817]"
MN,Brooklyn Park,75781,9.6,"( 9.4,  9.9)","[45.1112033916, -93.3505067942]"
MN,Duluth,86265,11.2,"(10.9, 11.4)","[46.7854703427, -92.1342013763]"
MN,Minneapolis,382578,10.0,"( 9.9, 10.1)","[44.9635407967, -93.2678345304]"
MN,Plymouth,70576,7.6,"( 7.3,  7.9)","[45.022462874, -93.4616016242]"
MN,Rochester,106769,8.9,"( 8.7,  9.1)","[44.0150574384, -92.4775005494]"
MN,St. Paul,285068,10.6,"(10.4, 10.7)","[44.9477402558, -93.1039958305]"
MS,Gulfport,67793,15.2,"(14.8, 15.5)","[30.427377008, -89.0701908439]"
MS,Jackson,173514,15.0,"(14.8, 15.3)","[32.31627222, -90.2124528561]"
MO,Columbia,108500,12.3,"(12.0, 12.7)","[38.9481109651, -92.3260129764]"
MO,Independence,116830,14.6,"(14.3, 14.8)","[39.0870794771, -94.3502748237]"
MO,Kansas City,459787,13.5,"(13.4, 13.6)","[39.1239413971, -94.5541236795]"
MO,Lee's Summit,91364,10.9,"(10.6, 11.2)","[38.9170508128, -94.3814865856]"
MO,O'Fallon,79329,11.5,"(11.1, 11.8)","[38.7852244161, -90.7176856736]"
MO,St. Joseph,76780,14.5,"(14.1, 14.8)","[39.7598312179, -94.8209246813]"
MO,St. Louis,319294,14.7,"(14.6, 14.9)","[38.6358122615, -90.2451186799]"
MO,Springfield,159498,14.8,"(14.6, 15.1)","[37.1942661484, -93.2914273656]"
MT,Billings,104170,11.5,"(11.2, 11.8)","[45.7893102609, -108.54882784]"
MT,Missoula,66788,11.0,"(10.6, 11.4)","[46.8694402455, -114.009863843]"
NE,Lincoln,258379,9.6,"( 9.4,  9.7)","[40.8096195695, -96.6806742049]"
NE,Omaha,408958,10.4,"(10.3, 10.5)","[41.2642309111, -96.0415076441]"
NV,Henderson,257729,11.4,"(11.2, 11.5)","[36.0122394916, -115.037392161]"
NV,Las Vegas,583756,13.2,"(13.1, 13.3)","[36.2274148438, -115.262670095]"
NV,North Las Vegas,216961,14.0,"(13.8, 14.1)","[36.2891993562, -115.088496088]"
NV,Reno,225221,13.2,"(13.0, 13.3)","[39.5540171998, -119.852733516]"
NV,Sparks,90264,13.2,"(13.0, 13.5)","[39.573373276, -119.713134168]"
NH,Manchester,109565,13.0,"(12.7, 13.3)","[42.9844541713, -71.4445313287]"
NH,Nashua,86494,11.8,"(11.4, 12.1)","[42.7491554459, -71.4909587631]"
NJ,Camden,77344,17.3,"(17.0, 17.6)","[39.9361910066, -75.1072961899]"
NJ,Clifton,84136,11.3,"(11.0, 11.5)","[40.8631217425, -74.1575145342]"
NJ,Elizabeth,124969,14.1,"(13.9, 14.4)","[40.6664447729, -74.1938679138]"
NJ,Jersey City,247597,11.3,"(11.2, 11.5)","[40.7188130852, -74.0687740635]"
NJ,Newark,277140,15.2,"(15.0, 15.3)","[40.7260693449, -74.1752997118]"
NJ,Passaic,69781,15.5,"(15.1, 16.0)","[40.8574581109, -74.1281123174]"
NJ,Paterson,146199,15.5,"(15.2, 15.7)","[40.9146874977, -74.1624181271]"
NJ,Trenton,84913,16.2,"(16.0, 16.5)","[40.2237289981, -74.7639943311]"
NJ,Union City,66455,14.1,"(13.6, 14.5)","[40.7674606884, -74.032293507]"
NM,Albuquerque,545852,11.9,"(11.8, 12.0)","[35.1055025771, -106.647447696]"
NM,Las Cruces,97618,12.5,"(12.2, 12.8)","[32.326638797, -106.789465579]"
NM,Rio Rancho,87521,11.1,"(10.8, 11.3)","[35.287307935, -106.697981552]"
NM,Santa Fe,67947,11.0,"(10.7, 11.3)","[35.6662719601, -105.972662995]"
NY,Albany,97856,13.6,"(13.3, 13.8)","[42.6663969604, -73.7986826267]"
NY,Buffalo,261310,15.5,"(15.3, 15.6)","[42.9014518233, -78.8475237264]"
NY,Mount Vernon,67292,13.2,"(12.9, 13.5)","[40.9136008569, -73.8291001676]"
NY,New Rochelle,77062,11.3,"(11.0, 11.6)","[40.9321713141, -73.7843883178]"
NY,New York,8175133,12.7,"(12.7, 12.8)","[40.694960689, -73.9313850409]"
NY,Rochester,210565,16.0,"(15.9, 16.2)","[43.1679802918, -77.6162348882]"
NY,Schenectady,66135,15.3,"(15.0, 15.6)","[42.8025204414, -73.9275333869]"
NY,Syracuse,145170,16.2,"(16.0, 16.5)","[43.0409202097, -76.1437679213]"
NY,Yonkers,195976,12.6,"(12.4, 12.7)","[40.9465025597, -73.8636959965]"
NC,Asheville,83393,11.7,"(11.5, 12.0)","[35.5708251391, -82.5537350816]"
NC,Cary,135234,8.7,"( 8.5,  8.9)","[35.7814978722, -78.8152191642]"
NC,Charlotte,731424,11.5,"(11.4, 11.6)","[35.2078721969, -80.8300754645]"
NC,Concord,79066,12.5,"(12.2, 12.8)","[35.3939316958, -80.6352429349]"
NC,Durham,228330,11.8,"(11.6, 12.0)","[35.9809147402, -78.9059161097]"
NC,Fayetteville,200564,12.9,"(12.7, 13.0)","[35.0851309527, -78.9791676456]"
NC,Gastonia,71741,14.3,"(14.1, 14.6)","[35.2472984431, -81.1836588468]"
NC,Greensboro,269666,12.5,"(12.4, 12.7)","[36.0960480415, -79.8276833061]"
NC,Greenville,84554,13.2,"(12.8, 13.5)","[35.5959211876, -77.3766133673]"
NC,High Point,104371,13.5,"(13.2, 13.8)","[35.9881243803, -79.9932956384]"
NC,Jacksonville,70145,12.8,"(12.5, 13.1)","[34.7331103037, -77.3951822819]"
NC,Raleigh,403892,10.9,"(10.8, 11.1)","[35.8322080933, -78.6440243809]"
NC,Wilmington,106476,12.8,"(12.5, 13.1)","[34.2102758569, -77.8872842368]"
NC,Winston-Salem,229617,13.2,"(13.0, 13.4)","[36.1029453039, -80.2609889241]"
ND,Fargo,105549,9.2,"( 9.0,  9.5)","[46.8652457832, -96.8289882328]"
OH,Akron,199110,15.1,"(14.9, 15.3)","[41.0801444942, -81.5219213688]"
OH,Canton,73007,16.3,"(15.9, 16.6)","[40.8080192662, -81.3676594998]"
OH,Cincinnati,296943,13.8,"(13.7, 14.0)","[39.1411747124, -84.5060004524]"
OH,Cleveland,396815,16.6,"(16.5, 16.8)","[41.4765345821, -81.6805494865]"
OH,Columbus,787033,13.2,"(13.1, 13.3)","[39.9859500484, -82.9851738516]"
OH,Dayton,141527,16.6,"(16.4, 16.9)","[39.779768039, -84.1997930517]"
OH,Parma,81601,12.9,"(12.6, 13.1)","[41.3842399838, -81.728599153]"
OH,Toledo,287208,15.4,"(15.3, 15.6)","[41.6637399604, -83.5823818449]"
OH,Youngstown,66982,17.1,"(16.8, 17.3)","[41.0993286607, -80.6463187081]"
OK,Broken Arrow,98850,11.7,"(11.4, 11.9)","[36.0366324911, -95.7809572414]"
OK,Edmond,81405,10.6,"(10.3, 10.9)","[35.6689350516, -97.4159205309]"
OK,Lawton,96867,14.0,"(13.8, 14.2)","[34.6170564899, -98.4203934803]"
OK,Norman,110925,12.5,"(12.2, 12.8)","[35.2335032647, -97.3470413838]"
OK,Oklahoma City,579999,13.4,"(13.3, 13.5)","[35.467564288, -97.5137615524]"
OK,Tulsa,391906,13.7,"(13.5, 13.8)","[36.1284213425, -95.9036195464]"
OR,Beaverton,89803,11.9,"(11.6, 12.2)","[45.4795765674, -122.814973469]"
OR,Bend,76639,12.1,"(11.6, 12.5)","[44.0561827184, -121.308690416]"
OR,Eugene,156185,14.0,"(13.7, 14.2)","[44.0559363346, -123.117327584]"
OR,Gresham,105594,14.8,"(14.6, 15.1)","[45.5024256798, -122.441469029]"
OR,Hillsboro,91611,12.2,"(11.9, 12.5)","[45.529027994, -122.937442209]"
OR,Medford,74907,15.6,"(15.2, 16.0)","[42.3371987584, -122.853625909]"
OR,Portland,583776,12.4,"(12.3, 12.5)","[45.537180654, -122.650032751]"
OR,Salem,154637,14.0,"(13.8, 14.3)","[44.923273154, -123.0248671]"
PA,Allentown,118032,15.2,"(14.9, 15.4)","[40.596099618, -75.4755373968]"
PA,Bethlehem,74982,13.0,"(12.7, 13.3)","[40.6266402578, -75.3679048175]"
PA,Erie,101786,15.0,"(14.7, 15.3)","[42.1164698754, -80.0730358517]"
PA,Philadelphia,1526006,14.6,"(14.5, 14.7)","[40.0093147808, -75.1333888571]"
PA,Pittsburgh,305704,12.6,"(12.4, 12.7)","[40.4396297486, -79.9762614995]"
PA,Reading,88082,17.4,"(17.1, 17.6)","[40.3399678686, -75.9266128837]"
PA,Scranton,76089,14.2,"(13.9, 14.6)","[41.4043729362, -75.6649126898]"
RI,Cranston,80387,12.8,"(12.4, 13.1)","[41.7658017135, -71.4861485002]"
RI,Pawtucket,71148,15.7,"(15.4, 16.0)","[41.8744534517, -71.3743580803]"
RI,Providence,178042,15.4,"(15.2, 15.6)","[41.823480533, -71.4218129335]"
RI,Warwick,82672,12.8,"(12.5, 13.1)","[41.7064727301, -71.4345615049]"
SC,Charleston,120083,12.0,"(11.7, 12.3)","[32.8136961892, -79.967381899]"
SC,Columbia,129272,14.5,"(14.3, 14.8)","[34.0366069566, -80.9037852694]"
SC,Mount Pleasant,67843,10.0,"( 9.5, 10.5)","[32.8538274584, -79.8230343029]"
SC,North Charleston,97471,15.2,"(14.9, 15.4)","[32.9100915071, -80.0738525014]"
SC,Rock Hill,66154,14.0,"(13.7, 14.3)","[34.9403611496, -81.0249178286]"
SD,Rapid City,67956,10.3,"(10.0, 10.5)","[44.0705009564, -103.218361421]"
SD,Sioux Falls,153888,9.3,"( 9.1,  9.5)","[43.5388067537, -96.7313495858]"
TN,Chattanooga,167674,15.7,"(15.4, 15.9)","[35.0662472165, -85.2466771892]"
TN,Clarksville,132929,14.5,"(14.3, 14.7)","[36.569683159, -87.3432371614]"
TN,Knoxville,178874,15.7,"(15.4, 15.9)","[35.9690594531, -83.9495877264]"
TN,Memphis,646889,16.4,"(16.3, 16.6)","[35.1046295042, -89.978906085]"
TN,Murfreesboro,108755,13.6,"(13.3, 13.9)","[35.850778195, -86.408628238]"
TN,Nashville,601222,14.0,"(13.9, 14.2)","[36.1712229904, -86.7845944773]"
TX,Abilene,117063,12.4,"(12.2, 12.6)","[32.4546510898, -99.7383043723]"
TX,Allen,84246,8.6,"( 8.3,  8.9)","[33.1087043234, -96.6735373763]"
TX,Amarillo,190695,12.2,"(12.0, 12.3)","[35.2003835544, -101.828292514]"
TX,Arlington,365438,11.5,"(11.3, 11.6)","[32.699836862, -97.125089612]"
TX,Austin,790390,10.0,"( 9.9, 10.1)","[30.3068610342, -97.7554771245]"
TX,Baytown,71802,12.8,"(12.6, 13.1)","[29.7571153043, -94.9676276217]"
TX,Beaumont,118296,12.6,"(12.4, 12.8)","[30.084416647, -94.1441072222]"
TX,Brownsville,175023,13.7,"(13.5, 14.0)","[25.9981977861, -97.4566343763]"
TX,Bryan,76201,12.6,"(12.3, 13.0)","[30.6665687582, -96.3663819223]"
TX,Carrollton,119097,10.0,"( 9.7, 10.2)","[32.988438459, -96.900137433]"
TX,College Station,93857,10.6,"(10.3, 10.9)","[30.5867615801, -96.2957958614]"
TX,Corpus Christi,305215,11.7,"(11.6, 11.9)","[27.7291588337, -97.4019095379]"
TX,Dallas,1197816,12.3,"(12.2, 12.3)","[32.7939804066, -96.7656929463]"
TX,Denton,113383,11.3,"(11.0, 11.5)","[33.2156160443, -97.1412438684]"
TX,Edinburg,77100,12.0,"(11.5, 12.5)","[26.3155843974, -98.1637130371]"
TX,El Paso,649121,11.8,"(11.7, 12.0)","[31.8481123506, -106.432021874]"
TX,Fort Worth,741206,12.1,"(12.0, 12.2)","[32.780192804, -97.3470323225]"
TX,Frisco,116989,8.1,"( 7.9,  8.3)","[33.1507545152, -96.8201336312]"
TX,Garland,226876,11.9,"(11.8, 12.1)","[32.9100799867, -96.6304258603]"
TX,Grand Prairie,175396,11.3,"(11.1, 11.4)","[32.6867650238, -97.0209311916]"
TX,Houston,2099451,12.1,"(12.0, 12.1)","[29.7806691396, -95.3860033966]"
TX,Irving,216290,11.0,"(10.9, 11.2)","[32.8583808131, -96.9703058323]"
TX,Killeen,127921,11.8,"(11.7, 12.0)","[31.0757648143, -97.7285651299]"
TX,Laredo,236091,13.3,"(13.0, 13.5)","[27.5482572475, -99.4867797312]"
TX,League City,83560,9.2,"( 8.9,  9.6)","[29.4872995808, -95.1089858945]"
TX,Lewisville,95290,10.4,"(10.2, 10.6)","[33.0451992429, -96.9829273031]"
TX,Longview,80455,12.5,"(12.3, 12.8)","[32.5192857856, -94.762197598]"
TX,Lubbock,229573,12.0,"(11.8, 12.2)","[33.5666251178, -101.886335663]"
TX,McAllen,129877,11.7,"(11.4, 12.1)","[26.2186289942, -98.2451704536]"
TX,McKinney,131117,9.5,"( 9.3,  9.7)","[33.1988886952, -96.6677029773]"
TX,Mesquite,139824,12.2,"(12.0, 12.4)","[32.7641310166, -96.5927445114]"
TX,Midland,111147,10.7,"(10.5, 10.9)","[32.0285948356, -102.109700973]"
TX,Mission,77058,12.2,"(11.7, 12.5)","[26.2033406464, -98.322770513]"
TX,Missouri City,67358,9.1,"( 8.8,  9.3)","[29.563674661, -95.5382066661]"
TX,Odessa,99940,11.9,"(11.6, 12.1)","[31.879456461, -102.344465435]"
TX,Pasadena,149043,12.8,"(12.6, 13.0)","[29.6589511488, -95.1509173148]"
TX,Pearland,91252,8.9,"( 8.6,  9.1)","[29.5584850577, -95.3208389111]"
TX,Pharr,70400,14.0,"(13.4, 14.6)","[26.168815399, -98.1904720704]"
TX,Plano,259841,8.5,"( 8.4,  8.6)","[33.0502149278, -96.7486409797]"
TX,Richardson,99223,8.9,"( 8.6,  9.1)","[32.9716582389, -96.7093052991]"
TX,Round Rock,99887,10.0,"( 9.8, 10.2)","[30.5239578235, -97.6669801882]"
TX,San Angelo,93200,11.9,"(11.6, 12.1)","[31.440468746, -100.452243142]"
TX,San Antonio,1327407,11.4,"(11.4, 11.5)","[29.4721475333, -98.5246763525]"
TX,Sugar Land,78817,7.7,"( 7.4,  7.9)","[29.5974680902, -95.627455775]"
TX,Tyler,96900,12.5,"(12.2, 12.7)","[32.3154021183, -95.3050093799]"
TX,Waco,124805,13.6,"(13.4, 13.8)","[31.5597607137, -97.1883333282]"
TX,Wichita Falls,104553,11.9,"(11.7, 12.1)","[33.9072739838, -98.5292981697]"
UT,Layton,67311,10.6,"(10.4, 10.9)","[41.077181614, -111.961589302]"
UT,Ogden,82825,13.4,"(13.1, 13.6)","[41.2281567535, -111.967450557]"
UT,Orem,88328,10.9,"(10.6, 11.1)","[40.2987127625, -111.699188517]"
UT,Provo,112488,11.7,"(11.5, 12.0)","[40.2457185288, -111.645715857]"
UT,St. George,72897,11.7,"(11.3, 12.1)","[37.0787444634, -113.579352503]"
UT,Salt Lake City,186440,11.3,"(11.1, 11.4)","[40.7778489465, -111.931220784]"
UT,Sandy,87461,10.0,"( 9.8, 10.3)","[40.5702254423, -111.852431062]"
UT,West Jordan,103712,11.1,"(10.8, 11.4)","[40.6022598635, -112.000961848]"
UT,West Valley City,129480,13.3,"(13.1, 13.6)","[40.6887696962, -112.011667394]"
VT,Burlington,42417,11.5,"(10.9, 12.0)","[44.4876245694, -73.2314828365]"
VA,Alexandria,139966,8.9,"( 8.7,  9.1)","[38.8187351557, -77.0867762661]"
VA,Chesapeake,222209,11.0,"(10.8, 11.2)","[36.6777521118, -76.3024325925]"
VA,Hampton,137436,12.2,"(12.0, 12.4)","[37.0533009025, -76.3665945624]"
VA,Lynchburg,75568,12.9,"(12.6, 13.2)","[37.4004163016, -79.1911081]"
VA,Newport News,180719,12.3,"(12.2, 12.5)","[37.1051141309, -76.5182644502]"
VA,Norfolk,242803,12.3,"(12.1, 12.5)","[36.8932863006, -76.2567157761]"
VA,Portsmouth,95535,12.8,"(12.5, 13.1)","[36.8451450228, -76.3552763467]"
VA,Richmond,204214,12.7,"(12.5, 12.8)","[37.5293933083, -77.475568168]"
VA,Roanoke,97032,13.3,"(13.0, 13.6)","[37.2782181855, -79.9581615989]"
VA,Suffolk,84585,11.7,"(11.4, 11.9)","[36.6930367981, -76.6414278469]"
VA,Virginia Beach,437994,10.4,"(10.3, 10.5)","[36.7534593339, -76.0589579522]"
WA,Auburn,70180,12.9,"(12.6, 13.2)","[47.3038544325, -122.210810557]"
WA,Bellevue,122363,8.2,"( 8.0,  8.4)","[47.5962437606, -122.153569982]"
WA,Bellingham,80885,12.4,"(12.0, 12.7)","[48.7535370315, -122.468092906]"
WA,Everett,103019,12.8,"(12.6, 13.1)","[47.9497966189, -122.160703911]"
WA,Federal Way,89306,12.2,"(11.9, 12.4)","[47.3090846316, -122.335755583]"
WA,Kennewick,73917,13.5,"(13.2, 13.9)","[46.198438428, -119.173245847]"
WA,Kent,92411,12.7,"(12.5, 13.0)","[47.3849636272, -122.217890194]"
WA,Renton,90927,10.9,"(10.6, 11.1)","[47.4760546752, -122.191153327]"
WA,Seattle,608660,9.7,"( 9.6,  9.8)","[47.622154338, -122.323532482]"
WA,Spokane,208916,13.4,"(13.2, 13.6)","[47.6736243259, -117.415973291]"
WA,Spokane Valley,89755,12.8,"(12.6, 13.1)","[47.662556574, -117.234571922]"
WA,Tacoma,198397,13.1,"(12.9, 13.3)","[47.2425411445, -122.45447391]"
WA,Vancouver,161791,12.8,"(12.6, 13.0)","[45.6357172365, -122.598539476]"
WA,Yakima,91067,15.0,"(14.6, 15.3)","[46.5925792092, -120.547807614]"
WV,Charleston,51400,14.5,"(14.1, 14.9)","[38.3484079736, -81.632165003]"
WI,Appleton,72623,10.8,"(10.5, 11.1)","[44.2776987457, -88.3897664444]"
WI,Green Bay,104057,12.4,"(12.1, 12.6)","[44.5149847816, -87.9896195955]"
WI,Kenosha,99218,12.1,"(11.9, 12.4)","[42.585570271, -87.8735745085]"
WI,Madison,233209,9.9,"( 9.7, 10.1)","[43.0809865694, -89.3915106344]"
WI,Milwaukee,594833,13.9,"(13.8, 14.0)","[43.0641258925, -87.9672412429]"
WI,Racine,78860,12.9,"(12.6, 13.1)","[42.7274599494, -87.813453024]"
WI,Waukesha,70718,10.4,"(10.1, 10.7)","[43.0093332215, -88.2457679157]"
WY,Cheyenne,59466,11.2,"(10.8, 11.5)","[41.1460804265, -104.789064332]"
